Date,LLOB,Overtime Slot 1 (EST),Overtime Slot 2 (EST),Preplan Code Blue
2025-10-13,SBS,06:00-09:00,18:00-20:00,No
2025-10-13,SBS DGT,07:00-10:00,,Yes
2025-10-13,LMS,08:00-12:00,21:00-23:00,No
2025-10-13,SBR,,19:00-21:00,No
2025-10-13,CFST,05:00-08:00,,Yes
2025-10-13,LMS DGT,06:30-09:30,,No
2025-10-13,PCET,07:30-11:30,20:00-22:00,No
2025-10-14,SBS,06:00-09:00,,No
2025-10-14,SBS DGT,07:00-10:00,18:00-20:00,No
2025-10-14,LMS,08:00-12:00,,Yes
2025-10-14,SBR,06:00-08:00,,No
2025-10-14,CFST,,19:00-21:00,No
2025-10-14,LMS DGT,06:30-09:30,20:30-22:30,No
2025-10-14,PCET,,21:00-23:00,Yes
2025-10-15,SBS,05:00-07:00,18:00-20:00,No
2025-10-15,SBS DGT,07:00-09:00,,No
2025-10-15,LMS,08:00-10:00,,No
2025-10-15,SBR,06:00-09:00,,Yes
2025-10-15,CFST,,19:00-21:00,No
2025-10-15,LMS DGT,06:30-09:30,,No
2025-10-15,PCET,07:30-11:30,,No
2025-10-16,SBS,,18:00-20:00,No
2025-10-16,SBS DGT,07:00-10:00,,Yes
2025-10-16,LMS,08:00-12:00,,No
2025-10-16,SBR,06:00-08:00,,No
2025-10-16,CFST,05:00-08:00,19:00-21:00,No
2025-10-16,LMS DGT,06:30-09:30,,No
2025-10-16,PCET,,21:00-23:00,No
2025-10-17,SBS,06:00-09:00,18:00-20:00,No
2025-10-17,SBS DGT,07:00-10:00,,No
2025-10-17,LMS,,21:00-23:00,No
2025-10-17,SBR,,19:00-21:00,No
2025-10-17,CFST,05:00-08:00,,Yes
2025-10-17,LMS DGT,06:30-09:30,,No
2025-10-17,PCET,07:30-11:30,,No
